title,link,published_date,company
No Title,https://news.google.com/read/CBMi0wFBVV95cUxPQXNBLUM0aWlpLWgwSzAtSG1pSWdnbzlRMHB0WjV0NU5ubXVqR0swWEZFcFFKZXFZN09vWmhDb1JsaC13cXBfTmdMVndjLUZGWjNHanVwTkNsWWF5SGh3d3ZNdl9kRXRIc3hFVU1NR09JVEpsZDFFWjl4V19oejE3aF8xOXc3Wjkxa3dQV1FsTW96MWlSejZhNDd0RGJ5Tmp6MURlcng3ZUR5RW01TnktamNqLWsyOWdMX2h6M1pGdC1ORkxEMjZRY1NOV25mWTRQZVVJ?hl=en-US&gl=US&ceid=US%3Aen,2024-09-25T14:00:00Z,Webflow
No Title,https://news.google.com/read/CBMickFVX3lxTE9NbVI4UGtYTlFNMVZjdzlfVkFRZGJUZ0RLQUcyMm9mVlhyMVUzMXE0VVNqeHYzU3F0WXRtVG5sVWVnNmQ1ZTc5QUwxbV9aOFZpcUxLd2Y2ay1zZ0NPV1pJcXpsWkladlRMODZNLUx4WFF5UQ?hl=en-US&gl=US&ceid=US%3Aen,2024-09-11T07:00:00Z,Webflow
No Title,https://news.google.com/read/CBMiYkFVX3lxTFBka0lSa0dObUdUc1JTZzRSZkVoZnRlaWlILVZIOFpXQUVUMGlpWG50eUc3Ul82VWhyYTBjVzZpaGVzdXlEdGt0c19XN0wyU2VPYld6X1lYN2M5emVTVzNLRXlB0gFnQVVfeXFMT250X25Na3h2cFlTbVQ3VFBDa1VoOFZITzdpelJvdEFDRGlNSkotcjdvWFQ2WWZuVTlieDNldjRwTGxpWHM1OFRUNXR5X1haSzBvWWNxcjB2NUh4VFdNZmVXMmVuTjNxWQ?hl=en-US&gl=US&ceid=US%3Aen,2024-10-01T14:08:04Z,Webflow
No Title,https://news.google.com/read/CBMijAFBVV95cUxNbnNmc29YUnd5bm8zSzB3c3ZHd2FTNWZ2YTNfYmhpd1NlTGt4bGRBS01FU3RBYnhvV3BGaTVXaWdJeFlxX0VZbngtTHVadmh4NHhnYzRHVmJlUkF0dGRPTGlHZ3g3QzdNMHQ2WU9aQkliNnh6TGpmcTJFMF9zdDhqMXduQ1MteUtocVp1cA?hl=en-US&gl=US&ceid=US%3Aen,2024-06-18T07:00:00Z,Webflow
No Title,https://news.google.com/read/CBMirAFBVV95cUxOWV9uRmFrOGc2WkFwZHViSVVlOWRoM3NSdVk2SW1VbjFMSnBTUnJfazJhVFVSSjFsOXdXZW9iR25QMy1Tb0x2X2xUNm4tREFMRUZwT1FzOGMwY3MtM25abzJWeTBSNzl2ZWNRWFFpVURkaHI2cmI3bWMzNmxxSFl5Z3N6WU45czlpNXFiYVBkTjdfUEJ4ZFNZaXVzbmJUTFQ1a2kxZG0xemtnTG4y?hl=en-US&gl=US&ceid=US%3Aen,2024-06-18T07:00:00Z,Webflow
No Title,https://news.google.com/read/CBMijgFBVV95cUxNQkZBTFZPazl0M1Rtcks1R2R0VUNiTGM0ckpsbFZPNTZXbUpfUVVLTkFQa2F3TXV6anpDVmwxdkd0VGRSb1JXcGFVcXo3Ny15MzJmR0wtV294bE1jbXF1RlVNYUZ5bUlnQUJNLXlpdU9uTGZJaDdjTnh1ZDd1MzR0d0dZQVlFZE5nZk96YzlB?hl=en-US&gl=US&ceid=US%3Aen,2024-04-19T07:00:00Z,Webflow
No Title,https://news.google.com/read/CBMijAFBVV95cUxOQmNmZ3l1S3dJSHh1QnZLblNVeXRtOFY2S1h3bV9nZkhIVDk1azJzNHVHQVhzQldVd0U3VkZiQjFKd0UydWFZOC1EcDVkOHo3TGNaMG51S1UxWkRob0hadmhQbG1MSjFtcEpCNEQ1ZG5PbzJmeGZrWUVIeEI5b3FzWFFkNEFMS1U1S3pUNw?hl=en-US&gl=US&ceid=US%3Aen,2024-08-19T07:00:00Z,Webflow
No Title,https://news.google.com/read/CBMikAFBVV95cUxQRW1admhaT2F2a1JFS2J0eVlFaGFzYkJETmZBNmV3WFhoZDhic3RCakNJRlBvSWN0dGQwS3ZZZVp3Qk14STlXMnpKOXpiODhHTUhPUWhvRUJ0Y1ExN202NEJ1eHBCbHk3Zlg0N1JVZE43N3AxTDRkVWNTekdOMy1STFZ2N1AwUnVzR1lDRFFVcHY?hl=en-US&gl=US&ceid=US%3Aen,2024-08-01T07:00:00Z,Webflow
No Title,https://news.google.com/read/CBMiSkFVX3lxTE9KRURaLUtTRXY5cUVJUmE5NGRqSTB5RkNjSWRTRzVnTWU1c19henBRc3hJZ01OVVJDUXBTbDlUZGdLZXg1QUhheGJR?hl=en-US&gl=US&ceid=US%3Aen,2024-08-05T07:00:00Z,Webflow
No Title,https://news.google.com/read/CBMigAFBVV95cUxNN1BiQW1FZEVUbmx6Z0w5UnJkSDRlUGNpNG5tU1RtRDJzSTNkTE1kYmZGcmtLQ3hCR3Q5UldVejhncTNYdS11Z2RfQ0wwQ2trdUlSYVJyQVptZHBveTRDdGJFWXRwT3JnU0hCV1NDVldvYXJHNFc3aUNXeE9GTFNGVA?hl=en-US&gl=US&ceid=US%3Aen,2024-06-18T07:00:00Z,Webflow
No Title,https://news.google.com/read/CBMickFVX3lxTE1BUHZZMVl4dk9NbWktaTZRN2F5WU1yUkxtY3FqQ0FSZzFxeG9zbnp4dEVhX1ZBMDlfeWtiOTFqcG1RZ2hrWFBDekcyeE15Um5xWjg0MjNjZFBySHRVTTJmQjNGbThEeEExN3NtUnZYWm9DUQ?hl=en-US&gl=US&ceid=US%3Aen,2024-09-12T07:00:00Z,Webflow
No Title,https://news.google.com/read/CBMikgFBVV95cUxNa3I1YktGd3VuWDc1S0hQSm5ycDRqUTd2a2ExQnZhb1ZiSmxldHU0N1NBcVAtLUVMbVE3WlJFRVJERG13SVhZQlZCcXRmd2lOWEtZT0ZqbW1ZZ0xnSlp0MXpPTktQSmNJaVlvc3NoTVBBNUNlQl9hMm5DdUQwb0pianVUTFVCZm1qZmk4N1hjajZjQQ?hl=en-US&gl=US&ceid=US%3Aen,2024-04-22T07:00:00Z,Webflow
No Title,https://news.google.com/read/CBMilAFBVV95cUxPem5UazZCQnJrSFdXNWhNN3drQ3RtU3d5MkZ4OFFsd0o2SGptVTNqMG9iWFFLYzVSc3prZEo4YTdFUTlwVmdZTnNYV0l6MWZ0MEt3WXFjQTJOMDZaVEx3a0JmYkhxeDhnQkMyVGJBZ2x2WTJ2b1UtMXZyd1Z3Um8zYzhDRmlzMG02cjhBT2RFQ05FRThq?hl=en-US&gl=US&ceid=US%3Aen,2024-06-28T07:00:00Z,Webflow
No Title,https://news.google.com/read/CBMiekFVX3lxTE10RWdHdkxFTzhmQTB4MXN2UFExaXFmQUdQaXVkZkRfbVpzNzVTYTRfcV9kYVRqcjhickIzUVpSUFJTNUV3bHBpR2tSaWl6YVFOTFVuRG1yT212V28ta0FYcXpUa205TG9aSDE5OWVYdGdHSkhWS1JfYlhR?hl=en-US&gl=US&ceid=US%3Aen,2024-04-30T07:00:00Z,Webflow
No Title,https://news.google.com/read/CBMifkFVX3lxTE0xN0R6V0hYU2hyZFpWQWZ5SVFMTmktcTZlbE9rZ3hiV1RwUUZMZ2xDNnVHVUstSzFMcHFMb080YTFxRFVTaVVtQzRpVUtQcmI4MlkzOUpmdTlIdXVEQWw3OTJHaTNNcWdnT2FUWDFRU0hRTmw0blUzVHR3dE4xQQ?hl=en-US&gl=US&ceid=US%3Aen,2024-04-19T07:00:00Z,Webflow
No Title,https://news.google.com/read/CBMihAFBVV95cUxNQ0pERFBGQXRQWGdETjRUUHBlU25KQ3hlTkQ2UHhEOGQwZFlMb1c4RWVMeWtkNVVfU0JtUnJtc3o0WXNTSGJJd0RadnhiQktER2Vlal9hMENIV0trVjBSQUtBUjlueWpRVFpOcDFWY2JRb2V3Z2RUV0hudHl1V1lrSTFOeWM?hl=en-US&gl=US&ceid=US%3Aen,2024-09-06T07:00:00Z,Webflow
No Title,https://news.google.com/read/CBMigAFBVV95cUxOLWhLMDFQWUhFdEEtZW1kZ1FSR0xjNnpNdS1lRlp0N2dzMUlwSTRnaVFmSXdVc3VoajRzTUdCb19SZU13XzFhV0RqeTB1SHNqaWd2QVFuVndENjRtaFdKZVdHMWN2cG14ZVhva1N4cV9iQUt5dFhneDZuX3YyN1NqZQ?hl=en-US&gl=US&ceid=US%3Aen,2024-05-03T07:00:00Z,Webflow
No Title,https://news.google.com/read/CBMifkFVX3lxTE4weEswRDRxSFhMMWVqSlBNUHBmQ3l3OTE5ZnV5cHRDZWhSODBxZlg1bTZEOW9jNkxKSUVzbWlxMUJrTFlTU1Z3SXdBTGE5dTVYdVRSaUtONzFKcXRTSTYwbUFsREN4eXNMQURHSUlIUUlMdFVyZGdmMjhkYTFJUQ?hl=en-US&gl=US&ceid=US%3Aen,2024-09-06T07:00:00Z,Webflow
No Title,https://news.google.com/read/CBMifEFVX3lxTE1NZlFONkpHRDBzVGI5X1lLSXdrNzV0TkdiYm95bm5pUHBocGhTTkhua3BFZWZfVjJjMmxnMzZvOHJCak5VVUtUZ0Q0cnplU0xHdC1DRzZUNTlwSGpLRWhtMzVzaXJHZkVOTFBES1ZCZDVEMEI2MDZjTmRCaF8?hl=en-US&gl=US&ceid=US%3Aen,2024-05-03T07:00:00Z,Webflow
No Title,https://news.google.com/read/CBMidkFVX3lxTE9TTl9EMkpyWVQ1WFBjU1BHMHBQYS1VRzNXb2tZVHU5OXJYMTRuLVktQ3dOOGJKNUpVbWxVUWoteG9FbnJ0QUNieEE2amNZSC1RbU8xc29kQk1XbVNDdnpYb1g4R0wtZ0M1UXc3U2Z5NnBIaVVFeFE?hl=en-US&gl=US&ceid=US%3Aen,2024-05-28T07:00:00Z,Webflow
No Title,https://news.google.com/read/CBMidkFVX3lxTE1BRzZvOGVVbUR3NnRtak5fQV9mUWFDQjgtVGw2dVVlS2dCMng5a3dabmRYbi16LVNPMGxYVVZyeW1WRGcybDVSQnhGb0hkam5CMXkydkM4aEJYdkZFXzdnamFCZTRMTkVGSGFsSG9PV3hCS2g3NFE?hl=en-US&gl=US&ceid=US%3Aen,2024-01-23T08:00:00Z,Webflow
No Title,https://news.google.com/read/CBMijwFBVV95cUxPQjJEMGRWMGQxNHlHWTN4U2szUHVuMW04VWRUQzJYYnctVlh6RnU2eUJ4T1pLYkc4ZWN5WWZBQk1WSzh3VGMwNUNCdnVOUjhfTWhwVHdqOWktMkZNMjBWaEdXV0VrVGZTSXJldzFUb1ZOSzlubG5LUWRLV3VzQ0twNnY4dlJPZ1o3aDRTTTVVSQ?hl=en-US&gl=US&ceid=US%3Aen,2024-03-15T07:00:00Z,Webflow
No Title,https://news.google.com/read/CBMiogFBVV95cUxQY1Y5aGdhN2R4cWRXV2tQRUpJTUk4aDh5TmRPMVAwa3VTNFJZSVRHRTZqdS1xUTNXNF8xQkktdk5ZaDc1NnpueVRuOW5RakxibUVxUXJublpHVjhIaUxnWjJKOFhqWHNwMkpkMmcyQ2l4UjRPaDktM3BVZFlTQW1RQXNJQlJ5NlVNcmg2WXNkNUY4WU04QkdMUFJ3UEV3VU4yc0E?hl=en-US&gl=US&ceid=US%3Aen,2024-04-19T07:00:00Z,Webflow
No Title,https://news.google.com/read/CBMib0FVX3lxTE5XSEVxbDViOFA5SldISmxYd2hRTzBnT1RiZzY4N0EtbHVtVlNxT3kwNDFqdWtvQVNjSlpoemdadFNCa3ZVQnR6VUhGSXhkcEhteVZxdU1sUHVMbDl2eDhVb25oVjlqYmRMTEVzbHBfVQ?hl=en-US&gl=US&ceid=US%3Aen,2024-07-26T07:00:00Z,Webflow
No Title,https://news.google.com/read/CBMizgFBVV95cUxNM053UjRWY1BsdzA4N2VRaHlzbUoxUW9Xc1BzazJPclNLQlV1bUtHY18zUHhDTWszZHJuX19PLTVpSlU1c3NaS0d3Y1E3Z3YtUDFOaDhtcXFlYzk1eEJxZTk2OVI1M185TEN2ZVctdFlDcmM4MjVvVUtYQXNVUGs5VjZxUVBOdHlSTjVrckVDdjRSdk1wT2x1QWtSM0tPNkpSc2hqSUd6S1ItX1lRM21RNzdwd0lETjMwV2dFRE42R1NYWHFlQ3VuSmJZSEZOQQ?hl=en-US&gl=US&ceid=US%3Aen,2024-05-07T07:00:00Z,Webflow
No Title,https://news.google.com/read/CBMijAJBVV95cUxQYjBmTTNiMXI3Qk9pQUp5VC1hUTZ0N204NzV4aHJBeFZ1UkJtUkdkUGZFWDJuZndYTElKZTJGUGhOTTFCS2hsMVNZc3RyN2ZxZm5Fd09tU2pNZUF1SUZObHBRODNuV3dudU5QakJia3RIUmttYUtfcEZELVBTZE9qeEV4TjdvaTR0RFdrZVJOLTFteVBfamJsY0pGOUdWczdNeWxnZWlmWURmclQ1WWdBQ0NYVnhQa3BfSGZYUzhyUDUxYXFUcWNwMnB3c1BvLURlOGJlc2hjNkdiTW5RWVFzOTdqTkx5ZngzbmtXcF9DMENKV040X3BLRTlhNWliaXllczZNMTJJNm5raFJ5?hl=en-US&gl=US&ceid=US%3Aen,2024-04-23T07:00:00Z,Webflow
No Title,https://news.google.com/read/CBMigAFBVV95cUxQTlVjc0swSi11MEI3Q0d3UC1zZ0ZHNHVkWk0ydW9abG1vUEZmSnJXd0FubFlzdFMyVWcwQ0JSSzdDbmVRUi1kaUFLTkh5ODA1b2tEWVpKY2E5RkVoWDRoVFpiY3hhUnZFU3pjZW85ZFFzbzdsTWFZVk1qd2c3X2t5aw?hl=en-US&gl=US&ceid=US%3Aen,2024-05-08T07:00:00Z,Webflow
No Title,https://news.google.com/read/CBMimgFBVV95cUxOeElndDZSV1MzZlhVdjdoaVBlc1I3aUxWZFMzVDItckdwWkdlbF94Z0E4UThtc3BLQ0tYZUxwTFg3YU5wazRiMW9iSVhBaS1NNHRVOWJyNE5sM1pTZVZkSDBrcDdqR1VVaS1hZ2F1aVZITWFCcTR0UEhWbFA1ZmozVUVFMmdBSnNzWWVDdk9LbGI4Vms5UHIyM0lB?hl=en-US&gl=US&ceid=US%3Aen,2024-07-26T07:00:00Z,Webflow
No Title,https://news.google.com/read/CBMiaEFVX3lxTE1XU1VzN1V4Ukw4T2pzLUM4dVU5N3d1X3NTaEtiU3pBMmJ4ZWxURWtFMlhJUGxGLTdfcHUwU0VCWTNtS24xQ0lUNDBrSldZMnJIdEplMDFZRkxVOEpQNXJKZmdXanlZa3o0?hl=en-US&gl=US&ceid=US%3Aen,2024-02-07T08:00:00Z,Webflow
No Title,https://news.google.com/read/CBMikgFBVV95cUxPMVNGZ2pnTUc0Qk45WDJiU19ycFNaNGJhcXo3dDBFQmVaNFM1U3lpdDcwUElnVUlLVy1LS1FqV0xsRFB0S1ZjMElQVVpvNXg0SjE1bzF3aWdMdGNRSkRXbmIyWl9Udjc3b2s3eWJVQ21uZWhGOWFIajRwSUFfOUE4N3VTT21aZHQwbDh0NUNBaTZFdw?hl=en-US&gl=US&ceid=US%3Aen,2024-02-27T12:05:21Z,Webflow
No Title,https://news.google.com/read/CBMipAFBVV95cUxPMXFtbXQxVk1aS2ZsNXI2dmY2X0NTUTVsMjVsZDhPZWxYdjZOcnlKWnZWblBNbXhhWnpzYlRtVkRBVmI0NXFNejR0M2FTNXdLMkRmUW05WVlrTF96Q25TY2ZMc2FIZU0zZmM1Uk5iUG05WlhwQVcwOEFtMmdkYjBqM2ZJSDZMYjBMcldzY0hpa2NHX1RrdUh0MDBUT0lyVC1VR2R6bA?hl=en-US&gl=US&ceid=US%3Aen,2024-03-09T08:00:00Z,Webflow
No Title,https://news.google.com/read/CBMia0FVX3lxTE02SHhFb1FjMDM3UnVpZHhqTGNnRjFWS1p0UjBQbHo1WmY3dU8wTlZGb1A1bWdMMzJLdk01aGJhLWtudUJQRE1ob1k4Q05LR2kwRGJOUkhsYXNNaUZYak1SQ1Z6VXFpbWY1dnpR?hl=en-US&gl=US&ceid=US%3Aen,2023-12-12T08:00:00Z,Webflow
No Title,https://news.google.com/read/CBMickFVX3lxTE9HSVVXZHk1VTlzTkl0SmNjbEIwaVlBbThxeTNCLXNhSG5IN0tBWGxyZEdSeWp1cXdzblVMOHhVQlVtUmstY2l4cmVWWE1SbjFmVmlBT1puQmVaRHVpNW9oQzAzTk9ZNlYwcVpxMF8wSVFEQQ?hl=en-US&gl=US&ceid=US%3Aen,2024-02-10T17:55:54Z,Webflow
No Title,https://news.google.com/read/CBMiakFVX3lxTFBqeENvZEdIRTZ2aWJlUmp6UlFvMG15VWpCMWFTbElGamViWUx6RnRhX05ZbG5IbHlHSkh3OTdzRnlmeDJxVWFDaG51RUk5Y0Y5dnF4bjNhS0VFWV9Wdk5iQTBXWWpZVDkzZ0E?hl=en-US&gl=US&ceid=US%3Aen,2024-06-27T07:00:00Z,Webflow
No Title,https://news.google.com/read/CBMiqAFBVV95cUxOaDB2bHNNQWh6QWRpTVBNa2tKc0hoaWZNY1NBeUhPRWdwakRSSG40ejA2eW0zYVg1MnAxSGJPcmZXQU1mWElTOTRSMHhPdENBNDg2UnZiczZJMWJsQWtlbEpiYXZiY05uclAyS0JiWDRDNE1XcEdBbVJyTEpRZVVtY3RldmpXTnpseTU3QnRZZGw0ampfMFUtTV9qdV8xaEVTUkx6cnVlRnQ?hl=en-US&gl=US&ceid=US%3Aen,2024-09-28T09:16:41Z,Webflow
No Title,https://news.google.com/read/CBMiYEFVX3lxTE02WmZhMlNSNzFIbGtsdWpqemozdEZ6S3NmcjlrUzY3VTNVYWxsVG5aVG9aRnpUbWdDRWxhMXowRXJ4dGo5bl8yQXd0QUJzNEVDV09Gb240ZXJZWGFHd243Mg?hl=en-US&gl=US&ceid=US%3Aen,2023-12-18T08:00:00Z,Webflow
No Title,https://news.google.com/read/CBMiZ0FVX3lxTFBwWUpYa1lfV3NEcy0wMmluaGZoaWl6V2FnN2RiQ081OUt3emVNb3o1blkzZGV4eDh0Tk9jMWpuM1VKVEk2R0ZGUnhBMmxYTjVNcnlXRG83SExiX0h1MzFLZXVqQVpFOHc?hl=en-US&gl=US&ceid=US%3Aen,2024-01-16T08:00:00Z,Webflow
No Title,https://news.google.com/read/CBMiigFBVV95cUxOTzRuU1liNk1tRGZfbnZwZkpaVnlaeFltXzE0b1lGdE9MRF9CQTFmYVlaZ2VwUmhhWWhVbXN2cGU3UVVGWVJVZGFXN3NXTTNDekdyZFZOa1RVRzdscHFtMUlkakNQdG0yU2hlQm1Fam5nSHdrR3h0cndHOGlzbTlTbm9qZHFTV1JfTHc?hl=en-US&gl=US&ceid=US%3Aen,2024-04-16T07:00:00Z,Webflow
No Title,https://news.google.com/read/CBMiVkFVX3lxTE5PVE12UncxbGpjcUJfNkVZbFZ4aktPWXhXTEwwa21wVmpkWXNDUTF0bko3LUpYaGh0d0RpQmd6eUVmalFiaGlTcFlnNEpWQUpQMlRzV0N3?hl=en-US&gl=US&ceid=US%3Aen,2023-12-04T08:00:00Z,Webflow
No Title,https://news.google.com/read/CBMiakFVX3lxTE5pMjNlNjRtVnVwX2xyLUFLQmF5RnRuODRGbE1mU2t1YXBLNm10LXo5M2drdkhHbGNWUWtVZkJkTWh2QzVFUmFUeDRnb2Fhd1N0NHJNUmxLaGFIOUE2dUhtWHd6dVdWM1RvREE?hl=en-US&gl=US&ceid=US%3Aen,2024-06-27T07:00:00Z,Webflow
No Title,https://news.google.com/read/CBMipwFBVV95cUxNN2o1MWJ2NzNTMXNZRHNTMUpJSzJ1eGYwcGpvWkRkVXhfejNySlBnc2xwYldkbW1GYkJZdFJ4dzdOeDNLdTFJd0lkQjVpS29PVFRGaDJPSGNVV0ExWkpYM1A4N2VGeEQ3TmF6M3kyN0Y0elZtdTNZS2lfdVNzSDFvakVtWUFIU0w2WW5QT21ZMy1fVERjVjR5akZMeU5teEtRbWd1S0N1WQ?hl=en-US&gl=US&ceid=US%3Aen,2024-09-20T07:00:00Z,Webflow
No Title,https://news.google.com/read/CBMiwAFBVV95cUxPZVZRdUg2d3NjSUk2T193WThha1hvNjVhdnBocDhsMnZZWTBSQWZxYWNjejREbHk3eGRkQkgxRTFnTzVNWnpPQThrN3hYcWVYYllKYnBHNnFvVm1xSjVIS1ZzQkFyemxxbUpRTXNTNy1xZVladnFlaXRZYU1RQjI3OUQxc2dJcTVyemFoSWQyMGhTVWpqUUVzRmg1eHZlemNYd3QyWmluYkFpbkI5RkQyMDZjSjZmaDctdWNKZVBWQVQ?hl=en-US&gl=US&ceid=US%3Aen,2024-10-03T12:45:54Z,Webflow
No Title,https://news.google.com/read/CBMi5gFBVV95cUxNMXpQTVpKNjNyVlRLdzd6OEZWVFRUcGRFdHp5Zk5RLXhVLUlYcS1nOTBGRHhPTnA1UXFVSVpXQlZMcTBaRnhaSV9VVVpnYlJXQURhQ1FxNlotUjgtakxaUS1WaVpmZjZ1NEFNX0pKSmF1MENIdjA1dDZGMmllbHd3WEdDc2ZIb25VT21yWkprcklRa00zLUJCTm5CcW8taUk5d3lnRkZxOVdBQ3lfS1g0Nzg0YzhiWnU5QWxDcklrdjE2SXNTdlBNbTBUaFd6V2dXUFNtNUd3MlNZMVNCZzVpV0R5ZzJRZw?hl=en-US&gl=US&ceid=US%3Aen,2024-08-22T00:33:11Z,Webflow
No Title,https://news.google.com/read/CBMitgFBVV95cUxNSnMxTzdlT3hGN2wwZ25xQmZVMGEwWjhnT01OMVdQZmo5QmFPaTd1c290LUo4VjdiT3p6anBEbExuc1lweHJOanFkV0pDVktJTWVEVENtX1Z2eW9jRXN4eFZXYXB1eTBtWXhEcnV3RVp1WmNfTFBKNGhJeHJqLXlyZmxITlpRc0JMbmk0N0ZZSW9sXzZiaWNoRnozc28zOGRKNHJqOWsyWVE4SzRZaVViOHU4VWdPQQ?hl=en-US&gl=US&ceid=US%3Aen,2024-05-08T07:00:00Z,Webflow
No Title,https://news.google.com/read/CBMiZ0FVX3lxTE1iSUsxeGVLdUc5WGFOc3lvZ3RHSkFwZEtWSWphdjVwVDhVb1VxWVIwTm16Zzh6UWx3NzVCYjJvSmxYaDBXYXNaQU96Wk9JVlBMRWdUazJhQ1FpdlZ5WHhSMGhCbTFrOWM?hl=en-US&gl=US&ceid=US%3Aen,2024-05-30T07:00:00Z,Webflow
No Title,https://news.google.com/read/CBMizgFBVV95cUxOdjA3a19BamhzbGxQandkeUlMUUN0N0dqMlg0Mmtrd05jbk94dkJESUN6S2hjY3lKSFRsd2lUbnRrOHAySUI0MGlmSUFESElMeVlEMzB3cmtmemFBSEh4RlBIRTFhb2JCS0RaSVhMamtlRXR0Z21rQ3FKMU9HWE9GWjE4OUl6UFNQWVh3NXlYZVNONkZTUFMxaWJ4WTMtOWRXT3cwcTJmWXlRRGJqb1ZXV0l6S0lRcjR6VEZTYXRVYTRGS21Xb1FEdnBQbUhqdw?hl=en-US&gl=US&ceid=US%3Aen,2023-11-20T08:00:00Z,Webflow
No Title,https://news.google.com/read/CBMiqwFBVV95cUxQcU5NZ0lYVnhRUW1DcGEwVGUtODNnV043bHNzTUFmdnFSeHBBZzF4eWlGeDBRQVZOWHh3S1hSaG8yajVTMHRvZEVySkh0VDVpRUxWN0FWcDl1RVNLcWhNUnB3TTR4WkhFMGFXOEg2bDR4cl9pb0VlRWhoOHRtUkpyNTlIZnFtazEzaEx4ZXdNQ3RfemwyVVU4WDl0TDY2cVlNT3o0c2tadEg0eGM?hl=en-US&gl=US&ceid=US%3Aen,2024-05-29T07:00:00Z,Webflow
No Title,https://news.google.com/read/CBMiiAFBVV95cUxOd19rbENFR3VDNFZFUG5WVGVMWTlURVdQYzdNNW1ldzBTWlNadHo3X2Z4VHh3RmpTcGdzeXlRLXR6LUN0QTY5bzJnUDUteEZsQWY2eUlqSUc2RzVkczVhNmZ2MFBUWWZ2REwzOF9UNVpIZGdIT1lBRjBhZzh6S0c5dmt3S1dIV0Qy?hl=en-US&gl=US&ceid=US%3Aen,2024-09-26T16:26:13Z,Webflow
No Title,https://news.google.com/read/CBMiW0FVX3lxTFBVUWE5SW5oSnkzZEZxS0dIaTNQSmZJT2F1VlBZd1NOWXZkWW9yNkVtTzZSczktcWdPQ3ZyRjAwZEgwZVZvVTV2LTJqOFhGbmtZYmp3Y2NTRkVDd0U?hl=en-US&gl=US&ceid=US%3Aen,2024-05-14T07:00:00Z,Webflow
No Title,https://news.google.com/read/CBMiigFBVV95cUxNUDZTSWlaUE9nVHlnOFpCTjlfMGc2WmtHa0pIcm41OG9YN1FVN3FlLUhzNXFVT2dKWm40Rk5hMldCRGNwYnhHbGUxYWQxQVp4YWhmcVh1MUY4LUhyendMTFZqNHJ5M0FRRVZQMHYxeHoyN0c1bVJsbkEzNmxMcEtJMm1DaUxFRDdEZlE?hl=en-US&gl=US&ceid=US%3Aen,2023-11-10T13:16:49Z,Webflow
No Title,https://news.google.com/read/CBMiwwFBVV95cUxNR1had3VwVElFbVppWHVDT2FLa05ZM3BKNTFkbjJabmxYNU84NE9TTHMxME5CQl9BNzc1NTdWdUZxX0pSOXZFWmFiRnpQdFVBMVV5M1NBWFBPMGZ2YkxkMVFVVDFkUXZqYU8yd0xOLVZXc1FhdWN2aFBsZGlhNG14OWdqenlYR2w3U25mLWIzejVBWHhVOXRrR2pPYXNtNVNMNVlSSU5WRHJ0V0xTSGJUYTJVYmo0UnU2NGlTdHc5NDZDNlU?hl=en-US&gl=US&ceid=US%3Aen,2024-03-21T07:00:00Z,Webflow
No Title,https://news.google.com/read/CBMic0FVX3lxTFBEam1iSzBnUVlCUkhPODhyV2EwUzlPWGt4cDBCVTR3ZGtrME15WmRoMFhueUMzZ3g4NFJSY0VfeGFKQ3NSSHRKajc4MW9wc0NxeS1uVzZEZDF5TzEta0pWWGtleENoTFhjQTRibDNzTTlhQ2c?hl=en-US&gl=US&ceid=US%3Aen,2024-09-14T03:36:53Z,Webflow
No Title,https://news.google.com/read/CBMiggFBVV95cUxOcFVGVll6dDZ3Z1M1RmJNT1VNXzdSMGg5SGExSER6NDdTT2NBRWQzdGdJX0UxRlQ5WEVydlkzN3V3VHVIUUhDcEFNN3JUcE5uVGVjNjFEem9WM3VobWNzQy1PbnBvZWE0OUV4TFBEZ1BDXzdUb1l5SjlfU290b2hnNG5B?hl=en-US&gl=US&ceid=US%3Aen,2024-03-11T07:00:00Z,Webflow
No Title,https://news.google.com/read/CBMivgFBVV95cUxPbWtXTmNSeTlYTng1eXVlNHRxaEFzY3kxLW1wNm5rVEM0WVI0b1JYLXhYT25ob3VwbFpYb0UtQlE0RTRoSkV1Mjl1VjZlelQ0Qm05NTc5b29xX0hyb3ZrTllDMHlnbHhLc3l6ZjZEblpibEw0czRBdllEZ0dHYUNxckVwa0dybHBzRjNuSV8wbXlTMVVaVFBBcEZEdTFFeWFTWHhlMlBsaVNoRmdzeG9NU25ra0hDT2N4YmJQMjR3?hl=en-US&gl=US&ceid=US%3Aen,2022-03-16T07:00:00Z,Webflow
No Title,https://news.google.com/read/CBMiwwFBVV95cUxNZm5vOGRoN0VPeVoxWFJXNVk1TkUxQ1JvTXBMcmNyenJkZlZMbk9WZWpnWUJwNlktRkx1dXZBek0xUGpEQWMtMmtrY0Qxamp5VVJHNV9qNXlvZldwXzdwMjBwZTB3VF9mMkR1YjRvakNsbTlpdC1fV2dZbkc5SDN4UE1tOUVONW1qSVh0b1UxeEtyWE5SU0pMamNjcUl2SURKRG5oX0JfeWNvc3dEZGZwVFR5X2JVR3FEdzVMR1Y2cFpDaTg?hl=en-US&gl=US&ceid=US%3Aen,2021-01-13T08:00:00Z,Webflow
No Title,https://news.google.com/read/CBMi6AFBVV95cUxOUExYMF9reHhnUGk1emdCaHF1d2JvOVBTQXE2YlYtWXB0NzZBamhTZnV4SVJWMFV6dm1sM2JTZk9IaDdEUnU0M2N0UFNxTF9pVTNFQ0F2V0xzVkFsOHVSRHdlVUxadmpPVWx0cFV4YWRyaWc2UlFYWHVDOF9zMW83bld6VVJ2ZHZYZHJtOF9HWXlJU2VBWWliNkJvalJaUVNmSU56MXlSMHZrdEVoS1JxdlQybXppWERWUElCNHZ6bF9DSTdONnVpY2NGUTRBdGUxZUxyYkFxalByN29wdWRpUkZkSW4tYkx4?hl=en-US&gl=US&ceid=US%3Aen,2022-11-09T08:00:00Z,Webflow
No Title,https://news.google.com/read/CBMirAFBVV95cUxNSUhRU1R3WHBMMkRmcDFlMWwzcGhpVEJpUWtFOS15WkNzUXBVY1RKdVFhRzZTQlhnN0dWTXRoSXhEU1FwWHdjQVZMbm4ySHFRZEI5UFBhSGhyN21OalpoMjRzd1FLTzIxbzA2UVFHV3k1akI0VmNhRVBMZkZEUjFCaUMwMUhVaElBRVBrZUFNSDBZQnoyWlc3ZE1JaTR5Wk5nUDZlTG5sOS1mTlRM?hl=en-US&gl=US&ceid=US%3Aen,2022-03-16T07:00:00Z,Webflow
No Title,https://news.google.com/read/CBMib0FVX3lxTE9sOXM1RkEtX29iRUNyWFBBWGhiMEZpSFcyOTM4MW5pdzloOXFqZUEwcWNZVElQZXhVVHdqWnhzc2tBMmFRbWdMcnE3dk9rNDFVSmZXZ1cxQ0ZYYU1kWEZaby00Szl4cE9yaDVzeUlyOA?hl=en-US&gl=US&ceid=US%3Aen,2023-11-28T11:48:33Z,Webflow
No Title,https://news.google.com/read/CBMijgFBVV95cUxQODdEcmVyNEhZWldobEFCbzlsQi1VZHVtLXNTblhROWwwTzFhNkRudzBmZVdqX2w3SlB2WlBtZl80dXU5RWZOMFhxcVR2aXBpWWwwQlpQVVFFYXVGdnZvS1FmVDRleTM3eGtLRzl1RFFCZEJjVHNRd3ZfSUZPbmV2a05zOFFnM21KQjhKWkJR?hl=en-US&gl=US&ceid=US%3Aen,2022-05-19T07:00:00Z,Webflow
No Title,https://news.google.com/read/CBMisgFBVV95cUxPRFVHQjVEazI2a044M1p3QjFqYzlUTzhjSUpmS1VWZlR1WGlzVzdsMzh1NkZmaGVTWm04RGVDdGZVVkdzcFM5Q0p0ZGszZ0hvZGJEWllZczdSVlFWUHV3SnZmMmpDVlRnVEJtd1piNGhwYk9qZVJVN0xCRlNha09KbFhFZ05yRGxadU82MHEwMW1rUVdZbFRXVGpISFZXYUZzemxWSFRoYm9jQWowYnMwZ3NB?hl=en-US&gl=US&ceid=US%3Aen,2022-07-21T07:00:00Z,Webflow
No Title,https://news.google.com/read/CBMikAFBVV95cUxOaTBCb1hTaWM2TWpQMWZJOURWVVNIRzRZbU5fV3JyXzZPeDh0MVp4QzFwTUFibF9PazVzaWUtdW9LZmQ4Sy1JMm1QTlNmWS01V0Vva25HblBaWUV2NWctQ0tQMW03MGFVVHRxcEM2dFA3YVNablEzMHhSdm05X201Q1B3RmxhVUwyRWlqb0w2UHM?hl=en-US&gl=US&ceid=US%3Aen,2023-08-29T07:00:00Z,Webflow
No Title,https://news.google.com/read/CBMi9AFBVV95cUxPQVFYcVdFU2h6MjRvb25TUDNmUVVkZVU3YWo1aW5ZZlF3UFc2RFNWaUc2MkcwQm9maEd2R1FYMlJwUjZrNkpoRmJ5S2tQMlBPZWV3MmQ2a0ZFOFVkdElyNjFEVnZGbFJtWS1SMkxCalItdC05VjBRa05wRGdPak1rV3hWR2dsMUlUQkl5aGNEOWZFNjc5MVBBTkh3ZzRIRV82dTZ3R18ySnRqeDRZejItUlJDdjN2R1RUSzBzU29iZXhraHFSS2I1RVdOZHRabGlUSEJUZ19LdE5LZHd0ZUM4c0VaUmRiekJ6ckVKWW4tRy11dXFo?hl=en-US&gl=US&ceid=US%3Aen,2022-03-31T07:00:00Z,Webflow
No Title,https://news.google.com/read/CBMirAFBVV95cUxNazBndG1EclUzTXRHS0h6T19pRmlCekZUSXhQb0UySkhvekcxUUhfOWVLY3ZOTUFnUDU4U0t3Q2xmcEhybmtWRFdJMnp5c0hNdDVYYnkzbk5Qd0FBNERvNGdGRUJJalRsRXhMNjRZYVEzc2VKV3J1TnppX3k2T2JtMFRmT2NSTUVSc2FMYUgzRFN1cm9OU1ROWHpQeTVyVDJfZ3YxZFFOSEt0RXFz?hl=en-US&gl=US&ceid=US%3Aen,2019-08-07T07:00:00Z,Webflow
No Title,https://news.google.com/read/CBMi_gFBVV95cUxQdWd5M2JoWk9RamNfVDJSMVNJNEt0YTJPdlpqX1NRZTF0dV9kMmxYR0hTakFidDdvTjdBQlBIaUhiazk5NUstelJZZXV4eEZBY04waDdrTHoyVm8yU2RLVnd0ZFU0SS01bEpYUkphN21sTm8yZ081MXA1MDBxeV8yRDVrMm01bFY3S3hRS05NSk5YNEJXVUFHVFFwWlowQzRPT0JSdjhFNW9PTVExNlBWMko5SVltQTc0eWpTWGFvOEoxS1RwQzROZ1VXUk03TU10TkFsVTBPeXhYb2NDT3lkaHI4RlktalVlN0dGWjczWjBYS0F4Y3JESGxUeXR0UdIBgwJBVV95cUxNdVNGVW1JbFFMbDlEV1M0Rkp4el9KTkxxREp6SWRRVFp2U2ZrVU1KcjdYd0ZUb1pXX3NyVGczVUZJWmFLa1N1RVZCZDluMHNLTjZ0V2ZycmlSb3pobE9BS2EyM1dHelF5Tzk1bk80aE90U1g5YURQVDdxWFRxSXhKZkN4MlRoN09YdGNuUFNVR1JXMDdKOVExbVYtb3pidDc3R1dHbVF1N09mTmVLTFc5c1VsMFlfS1gzb0djcm9oV3JPbnRHcHU3RlA4UExpOTYtSTlhYnF2MUQwblBXNkRxdVFGSWhISWlGeEhaZWJCM2p5aEtEN082cE5jMjAxUmg1YXVv?hl=en-US&gl=US&ceid=US%3Aen,2023-12-05T08:00:00Z,Webflow
No Title,https://news.google.com/read/CBMilgFBVV95cUxPUXU0a0pqemZZUnhndXJCQmRCRWY4bXJTTlZmaThHWGF5VXRPQ21kV2poWTkxVHdLU0VKWGVzZTFvLVhCaGEyRm9ZMGN6UnIteThoaVliczZoWVU0dWZsRUJSN00weXZvN3BTUjNvcnRTOUVmb01ISy0yQXc0ZlpVeXFsRTdudjJFZVU5VkpHWXFhdFl5U3c?hl=en-US&gl=US&ceid=US%3Aen,2021-01-13T08:00:00Z,Webflow
No Title,https://news.google.com/read/CBMivwFBVV95cUxOVzZuWV9BdzdSTjMwWjJsMVd0NHZ3VTVTS21fUGgtVjZGdmdtSDh1UHBibG9jQTlpSGNIbkR0cW1WLURSLTlHMGJ5T0NnNnRVanpVMFFZUkVYVjNJamlkRTdDcWhndk9lT0pFVGROTjFKVTRqZ0MxUHFUVV84RG1QQi1FVmducHI3cGJQWFFiNEdvb3R4bXdvWmI5QVpZVVUzWng0UHdDNXFMdnBWeVNhNkFPMC1Oa19ZbnhUNHRpZw?hl=en-US&gl=US&ceid=US%3Aen,2024-09-07T07:00:00Z,Webflow
No Title,https://news.google.com/read/CBMigwFBVV95cUxNNkx5Y2RJeWFBaGFTZHlsLTRCSF9VdmNFSFhIc2xMMDNQS3ZZODh3Vl82VDBFajVyVmthTExJZndMSHRxR2N0eXpqYkYySHpEbF9GT1pSSU9kUkhBU04ycnFuWWE4eUdkX0dzNGt0R2N2d0dGNkc3cHg1V3U1TTJ4a0RYZw?hl=en-US&gl=US&ceid=US%3Aen,2022-03-18T07:00:00Z,Webflow
No Title,https://news.google.com/read/CBMilgFBVV95cUxPU0FINi1YUmVxeG1fbHFzMlRCbDAtV1g0Y0VpUHh3QnVmMjFVdVgteGVUUFU3MlVsa29vX05LOTVjUHNQWVVKUUdxS3RYMnVIOUJIYkx1SmtNSjh1SHgxZTB5UTRwQkk0NDlKS3JQbXpyalJqZlprUXVrOVhNMWV0MDgteHZPOU9nVmVnZ1Q1bFJlcWFiWXc?hl=en-US&gl=US&ceid=US%3Aen,2023-04-20T07:00:00Z,Webflow
No Title,https://news.google.com/read/CBMiugFBVV95cUxQbEtUaXhIamNGQzVVdWpNV2ZkQm9NQlkyYVdTR09jdTdwajNRZlVXY2h1OG5kVXV5V092bmJvZmFsUUNHNnAwQm04VGpsYUk0dTFQeWNjMjVwUWpfWlBNTHF5Q0F0ZEVLNzdIUWZEWXk2MlVnbVRac0NDaHNkeWJreTJfY1lxWkVnQk1ZREdVeGVSbzd3WDVVVkN1R2NYLWZlVlR3QUMzcG41Q2FYeW4xVldSbDVmMllEcVE?hl=en-US&gl=US&ceid=US%3Aen,2022-08-09T07:00:00Z,Webflow
No Title,https://news.google.com/read/CBMitAFBVV95cUxPVU9GNHdXMHkzaE9YNHl6M2JyZDJXM05vT1JlWjN5c0RKck5NZDNvVlR5X29zenowV3RBWkVOOU9aZ3dJa0JnaUNfaUV5OFNxUmR0amx2U25lX3NOYnhESkR5NjI3dzBZMUdkT2kzT012a0RKS0NtV2hMaVc1RGxvQjVEM0dWX0hXWUpmQkFHTUtCMXpMYnAxc1I5Qk1Rb3N3M1RIZnlvNnkxeEoyNmgyYWFlTko?hl=en-US&gl=US&ceid=US%3Aen,2021-01-13T08:00:00Z,Webflow
No Title,https://news.google.com/read/CBMiqwFBVV95cUxPdERBdGRHTERpZUREWjdpTHhOamwtNkNTaFl5Y1JocFRxMFBVdkY0UTJNTHJ0RktKNV9SNEdzLWJKekV3LWVEWVdDaXZmWEp0UXJyNjM5X1RsdXl0cnpxSFVlOEEzX014NXRrRDBsbkJoU1BrMHo3dFR0b3k2OFk2U24xQ3NJUWtkT1FHSkl2YThxMmN3T09QMm5UaWt3cGoxM2tGandodUxXY1k?hl=en-US&gl=US&ceid=US%3Aen,2021-11-17T08:00:00Z,Webflow
No Title,https://news.google.com/read/CBMixAFBVV95cUxQbDZYR2h5QnpIT0RTLXV6YnF4WEExb3VNeFVLR2xya1BqejJwUHI4NGlQUlNPWWlLeTNSOF9pWkJGaTFpNWhIZFR1NGJyMUQ0ZnlfUHBBbXhYaGxvaTE5TVBHZ05YT1BEMFZEWFludUFyYVVpQ0RCdWR0RmpfdzFoMWdtcGlpR2RsalozSjBlbERHR2d0Y3NUZ3g5LWR5Vjh1dm84V0ZkNXdHcGJHRVU0X1J3S1dzUFREaVo3T3BHNnFueUlp?hl=en-US&gl=US&ceid=US%3Aen,2024-05-08T07:00:00Z,Webflow
No Title,https://news.google.com/read/CBMihwFBVV95cUxQZVNEdnZGbnpSODR3SlFpeXZXRnc3dldDQzBVYTN5ZDdiZVJIeTgxMEQ3cVIyd3hQcGkzUVdEc2ROSFd0NjVvTWtUSmluUm5VMnBmNGEzeWJ0RDctanNhY0dKVmNXQUpfeG5lLUZXYjVnS20zcXl5Q2pGWFB4NE93S29oTTdhQWM?hl=en-US&gl=US&ceid=US%3Aen,2022-03-01T08:00:00Z,Webflow
No Title,https://news.google.com/read/CBMi4AFBVV95cUxNZ3U0UkF3S3hYVnhfT2tFNXBncC0td3ltYjRkb2RDbm9MaGY2eTNqVTgtUFp1M2dlZmFJOC1fd0VBa25Udmg3NDVVaVFqWVBYWm45UkU2bk00cW5DakhqWV8wdFhIYy1pMURjOFpvdDNfMEpkT1VBejc2ZDdvekQ1NzRZNF9pVmF5SFZDMElKc0lPZERQb3Q5Ui1TTllXSFVwT0Q4NW9XMl9BTExST19Ob3BwOUZjeGkwUG1mUllBUWlrNV9MWWxPcm9jRGdUZWNhSE1ZdFhDZTJSM1J2UFhVdQ?hl=en-US&gl=US&ceid=US%3Aen,2022-03-08T08:00:00Z,Webflow
No Title,https://news.google.com/read/CBMitwFBVV95cUxNdXYwNkZ6emxBUUZxbFVUOU1ySDRVOUZOVUlibmVPaE1Mdzk3MzBlQnBoZDhaRUtsN0Y5TGlfWHRlQ2Z4WHdxNUQtd012VWlpam9kVGFBNHRCb3NCMnhTYW00ZWhZS0hjVzVVX0lmdjhrTHZJRGhWdm9BLW9XZWoyYmhXRGRfSWVFaXpBbU5MSk5mZHhMaUcwc0dTYmJKMHJDMTJGTmhLSDZUYnV3WVZDZjV1a3F6TG8?hl=en-US&gl=US&ceid=US%3Aen,2019-08-07T07:00:00Z,Webflow
No Title,https://news.google.com/read/CBMijAFBVV95cUxQaHpDRTJkb1REcl8yQmJtZ0RkNnRNcmlIMlFrSVRtU19NekVaNTkwM1NIcjc1dWxYTnpuOG1BdktxV3k5STRVeUtEZlNDTTBTZlZRaktlc2VSb3NudHJHRzJDRE5zWU1EcS00Y2gxRU12WlZKbUlZRGN2UVhad2JuaENWclNzZkRZdGN4UNIBmgFBVV95cUxPVVNELVlIaW1TS09oQXN5TG16VldoQ2dkTS1pd2Y5RTE4TTFvb05ncnV4VlRobU1MRnlXSFFpRDV3anlFMHlHczREMXBLRUlMN3pEWjRhQTUwNWJNY252SnZnN29zcWRYZDdxUFQxRTRBNFFTMUVESklGRFFDNjJUNm9qbDFrZGFXOGJPM3ZySUEyR1BmNGsxQ3Vn?hl=en-US&gl=US&ceid=US%3Aen,2024-04-05T07:00:00Z,Webflow
No Title,https://news.google.com/read/CBMigwJBVV95cUxPODNUUkp6UmZ5LWlMSU5IRzN1N09rYnE5RmFTRDBpWm1MWmFtWnZZQzlKQmEzTkZCWmUxS1pxQnBqU2FnYTczVG00XzhLc2otZHlDbWIyNjJnZTQ3QmZwa284TUMwLVdrcGpxY1cwRUFMU0NjQ0tyTFhkOWgtc2NFeWdpQm9ZTlUtak9KVlZPdVVqMDM2U21BZWE4RjltakxGMHFnNlQ2MUdiLUt4T0VkNlVWRGFfUGo0LXlCc0hRakplenoxRWxqME1QMFRYelp0UkZCY3lMcmJGaVoySURaeHhJTkpOa19hLS0tMjFaeVBXWFlDY1hSWjVKaVlBZm5nWTBN?hl=en-US&gl=US&ceid=US%3Aen,2023-08-29T07:00:00Z,Webflow
No Title,https://news.google.com/read/CBMisgFBVV95cUxQTjl3aWJFZ0M5bVlXc0RTR0ZlYWJyLXlBWE9FTEVXR3N2NUViQW5CajJxbEh5WXdxM1BDQnJJS1ZhcDZFM3BLSWlnTEdmS09TeXltbDNDRUJSTXhLN2M2X0E5MWdrd0Y1TGFPNXVvdXNlVlJDRl9aUlp0dFZ1Wm4yeVBHSFVpVU92MUhXaS0wQnBTZXpCVThXZEtpNzg3QWdyWk4wNlpjaGhxbWhJLXNRSy1R?hl=en-US&gl=US&ceid=US%3Aen,2021-02-04T08:00:00Z,Webflow
No Title,https://news.google.com/read/CBMifkFVX3lxTFBmdVJKRkJocHhYWVJCUkZDZXRScXJBNzd1aUdYSXQ4c0pCNVlXcFcwMzk1cEV5X2xvRndVSWJmNUtGdXo1dVl2M0VGZ1BHbEJQenNYNUwxbEtkTnhHVjRjdTRJOTFoZG5YRDJyZFFLTzRyejdDaXBvV0RFY1Z4UQ?hl=en-US&gl=US&ceid=US%3Aen,2022-01-31T08:00:00Z,Webflow
No Title,https://news.google.com/read/CBMiggFBVV95cUxPVkt2amt3ZThoeklnM1ItdVNVT05KNmVHSFpJc1p0bHlRemlrTlhOQ2FzZjJab3NZdG1xY1VJdVIyNXFxdi1Zam8tOVJkZ2NEVG15N1JhLWZrTVpHMTlZcl9sYXowQ3l4aEtoZWI4a2hzdlNIMFlNMUp5SlF0UkZUbmRR?hl=en-US&gl=US&ceid=US%3Aen,2021-01-13T08:00:00Z,Webflow
No Title,https://news.google.com/read/CBMiVEFVX3lxTE42eEhCZTZuZ3o3M2tyLUc2R1FIbkJLejk2cjlOMm1tbnpoNThKdVVjWkJ3WE5ZM0VmLVNkYTlncHhFdlc2QmZ4UUlLZlFoeFpScGIxeQ?hl=en-US&gl=US&ceid=US%3Aen,2021-11-26T08:00:00Z,Webflow
No Title,https://news.google.com/read/CBMiaEFVX3lxTE1XbU96SllKQWZ0WDVRS3hIcW5uTGlFQWdDb1hfM2JiYmd4MnpmSVk0V0h1MWh3TnJuc3phMmxZNUZOaU53bEJ0Tnh2aXB3TldOWkVEemJkak96RW9RRnBtYm1SeTBMQktJ?hl=en-US&gl=US&ceid=US%3Aen,2022-02-10T08:00:00Z,Webflow
No Title,https://news.google.com/read/CBMingFBVV95cUxPVHNnSWVlQ0ozY2wxNUlOUHhWYVRYQmVkTFdNX2ZoZkpqQm10U0h4OGg5dzF3TGpSRTRqVUd1MXZlUG9BbXlPMkZvZ2ZtNUd0MUMyMXN2Z0NldXVvMjJ3TkF1ZGxSNDdTNG55LURRM0NOM2hWTWJ4N2ZTc3RZSndCVVlNUzZlUk1xMTZpcnhPdTAxSTZnczZiZjJoWEU2QQ?hl=en-US&gl=US&ceid=US%3Aen,2020-12-11T08:00:00Z,Webflow
No Title,https://news.google.com/read/CBMilgFBVV95cUxNVmhNLWZtWDNsYVllMW1wV0VYZ2REMjBqU204TTE2SlVacVJSbDNUZDJNeVFCREtMREtGR2JSYjdrV0dCTU1rblhUN2Ruc01NYmJiYnVJZFB6bDlqTmdRZVVhb2Rqc2NVM3pvaGp5RElMZ3VQd3RZdTJKYkdaNGN3OEZndy1WNE1FdFhaN1FiYnZZZUpoNXc?hl=en-US&gl=US&ceid=US%3Aen,2021-03-22T07:00:00Z,Webflow
No Title,https://news.google.com/read/CBMinwFBVV95cUxNNm16cWttR0tQRllLNGJacXNocGotVC1nVUVsS1lIYzlGeERRa3dCemhTNXZ5OWhpNmNBa1p2MVNDYUsxMnpCQ2tEei1HcXl0MmZsYVp4ajl6OU9ZVFpEMXdZcHplaUd6WTktS1c5eFNZbTU3QXc4WFVsSDhiYmJvM0NJeWpLUHpwZXNmWUlhdWxtREM3aGYzRXJLSTZ1c2c?hl=en-US&gl=US&ceid=US%3Aen,2021-11-05T07:00:00Z,Webflow
No Title,https://news.google.com/read/CBMivwFBVV95cUxPR1VZUEFLUFd4cTF1YlMxUEhJYUtvcHoxQWg5OEFNclg2OERpc3R5VGVSbmo0eHZmaDB4M1I2aTk1M0lDWGFveU9zaTlPNkI0SEg5S1BqZXo2MTg3OHQ3UmdfZ2tDdlZDWV82NDl0Z2RxcGtCNW8xNkZJWElYWnV4UVN6MjI3N2h1b0dLZDhNZWRRUTJiclNLNlB1YTd3aXlIV3Rkb1dWTllFbVl4Nm5nUmFURE83MDd5TG5VaTZWZw?hl=en-US&gl=US&ceid=US%3Aen,2023-08-22T07:00:00Z,Webflow
No Title,https://news.google.com/read/CBMivwFBVV95cUxPbjg3aGlCbFVHUy0zMGtVWGdqREVvb3RsMDBDbnRrSncxTHU3Z3c2LVhJNlcySGRGU0NYcTVHSTZVVi1PNE5uVF9ycE8tSktpZHRsYzVQbTJfVGYzQlJRTkFGOHN6Zzd3OEdKTXlJZzhkTmdpd0RMWEVkbnJYbkNxdHRLbldzQkkxdGI5aFFQb2FKcTB4VEtNTlJOUDg5aE82YnlNenFwVldqUW9QSFRjY1I0Rjc1UFY0V0I0a1BVUQ?hl=en-US&gl=US&ceid=US%3Aen,2021-11-03T07:00:00Z,Webflow
No Title,https://news.google.com/read/CBMipwFBVV95cUxQOGF5bzc5Qm1vLVVQc09IWkU3NGd5a2ljNFlqcVF6SU9GU0hSbmN4SFJ0cHhLZlBkS0FnYXd3Y29DZE9uWWsxMXVjZERXVS0xMm1tajdHaUFhMzlIMVN0dkQ0cGQxa1FCS0w5SzEtX0R1ZV9tWVY2WjF3bUphMTM3LWhQYlpqOUFXSzI4cWJMSGlVblRyMVpBSE9aMGhZcDI2dVZpNVVHd9IBrAFBVV95cUxNTlJHSGVwZVRsdEZBRWVhUFZrMWFvZTd4UGhXazhxUVRUeE5PWlNZOHp5cl9Fb2ZYZ1d0a2xNb1NrMngxbDAzc3VPQXhOQVpCZTNBRkNWd1JXc1R0QlozMHYxemxBWTR3LWJPdjhsSTFZU1hBZWwwVEYzaWIxc2IzeHhmeEY4bG1ybjhRWWZaN25paEdScHE0SUJac244NTc0dHZUVHVIU3dOcjBy?hl=en-US&gl=US&ceid=US%3Aen,2022-02-17T08:00:00Z,Webflow
No Title,https://news.google.com/read/CBMiqwFBVV95cUxQQWI0QWktdThkT28yblR4R1hiaXE4UGtfSTVEdmtvVEZCVW5EQWNMQmxwRFE3MFhhZTRBSEVSSHRtZFh6M3NqTHFQS3dqOHg5cFc3QlJoMEZoaDNtc2J3MF9vQnZwOTlMYVlpWlVpcXM3elFpWHJVeVEzUEhOencyT1M3anVEWkt2ejdDWXlBSzJKZDU1eThIa0Y0TGhoVjY2R1VTX3FSWDJLUlU?hl=en-US&gl=US&ceid=US%3Aen,2023-09-28T07:00:00Z,Webflow
No Title,https://news.google.com/read/CBMiZ0FVX3lxTE85MnRONkxQdlVmMHJnUVpJX0xEUU5SaUViTVBNTlZWZ0Mwcl92bFJ5cmV1U20yWlotZDNCYUtwcVlaUVZDeW9PR2RNMDItYVYzcmV4T3JqMVo2OGlYY3Fka3QwaGVpbDg?hl=en-US&gl=US&ceid=US%3Aen,2021-03-11T08:00:00Z,Webflow
No Title,https://news.google.com/read/CBMilgFBVV95cUxNMC15SFF6eXo2TmlaMFZHNm1zMVpWa1l2N0h5SnZQblBtb0pvc21TcGJwYW5WQmZ0QUZ6Z2ZtV3kwRWZZSEE2Y1FhQXNyNmtjWUZjZkltNm80MlZWOTdEalNHQVNhRjYtUlFfN1RtUEFTWG82NFBjbWViV2lqVVR4UlhjSkRMbENrd0I2THZqUVBKODdvbXc?hl=en-US&gl=US&ceid=US%3Aen,2022-03-22T07:00:00Z,Webflow
No Title,https://news.google.com/read/CBMi7AFBVV95cUxPNzhadHJveVlBTWNRdGRySVlYVjNJa3k3RGllX2FNQjhCNVhDWWVQN1FFMWNfdVluZF8xTG1kV2dsNGhYM2VqUTNZUHFkeWFKNDRlYXRVX0F4elNCN0N6RDhIU2JWMmNVQWhwcEl5czJqSGlvdzZGSzhQbkxYa2FCYmdhd09VWk9zeDNBX3BzS2c4S2JGNFhJemItVjBYRlJDenloaURySS1vSzRvdVk0WUJ1eHZBTUhXVjl3MjBtVWJCSnRLa2dqajNGdWlzd1RFR1g1MjliSzJFeXNkZl9FeVdXdGp6Q284Z1FPbA?hl=en-US&gl=US&ceid=US%3Aen,2023-01-30T08:00:00Z,Webflow
No Title,https://news.google.com/read/CBMihgFBVV95cUxPdnVnWjUxai03d2sxZVFPSzJjZXNfRHBzdl8xcVB6dmM3dVNwdFJKUjFIa3kzT0toLWVvcUdxcTZoTnBkNi1NTUxoa1drUk9lYktfX3A1WUZtM0ItVDU5b3NvSFJCcDFabHFrY2xOaG13LTMtY1ZpT1BKRGZKN1E3WXY2U1dIUQ?hl=en-US&gl=US&ceid=US%3Aen,2021-07-01T07:00:00Z,Webflow
No Title,https://news.google.com/read/CBMimAFBVV95cUxNTDZaNEFNTmVPTEhROXhleEtQVk1yZFA1N0Nnd3JKRWpsRi0tamtWYnE3TGZaTnYxa1FNZTVGNW5RRzVPMmlNWTdsMFMydUpRZmpCWlA1SmVnay1lQzB5eGJWVXNLN2Y0VExkUGE4ODN3bTl0ZFN2RFdKcWVPaXV1Z0FjOHJrNENVbVlPRFd1eUo1b2lxNThsRw?hl=en-US&gl=US&ceid=US%3Aen,2017-10-24T07:00:00Z,Webflow
No Title,https://news.google.com/read/CBMiuwFBVV95cUxQdU9RS0tCRWF4dU8yUmNTQVJqb0tDM2tNUFZTTE1QMmt1RXpXWXVMUTNwYlN5RHJyU1pJMkhHTW9TZllfbURfWGNydGZXeVZSTHdBSTIySi11VHJDWUJjSzMtb04ybnN5MFE0YkhVbzd2UUljTjNjWXh3ZmFFajdkVmJfYU5NNDBiY3REcUNGMUxPaEQtLTJxb2ZTT1dKTFZqTzVDenZobmtyME5nblVSNzF3U2xycTR4ZG9v0gHCAUFVX3lxTE5EM09oeHhId0VFU01xOFRpZHMyS3VTcXlENkxzNnFRTzRTODExTzd3M2pJLVV2OGdlQVdxWXE2V2RIU2RJVldxeW5XQ25rOUJRR2t5WEVCM2x2Y1RTajA0SnRwUG1lekw4LVVOa3pRX1czYWFZZ3BkYWlERXJPSFk3UXpETmdfR1BzSFNuVktldFAzRi03bWdCa09DNmJ0NHdtUG9yeW9IS3ctcDJ3bF94WEMxX0NPLXo2VjVGX2E0eGR3?hl=en-US&gl=US&ceid=US%3Aen,2024-04-19T07:00:00Z,Webflow
No Title,https://news.google.com/read/CBMijAFBVV95cUxPVkNqZFlWRnd1ckE3Nkd4ZW4xdm9mS1RCdFVVS0NuTnprdkZ4T1l0RVZCMHpuQ1pCdzlHLW1GY09uSk40WjV6ajIxUzJvTTNwa3dqaWxaRlJPQy1mbEVPel9UVHA0dTByUHhuc1Y2a0xSdzEtNFZySmVNdjVndEt2NFowUXpmdkN3WDlaVw?hl=en-US&gl=US&ceid=US%3Aen,2021-07-01T07:00:00Z,Webflow
No Title,https://news.google.com/read/CBMivAFBVV95cUxObFhCVkFQUi1UelBrLXdQRGkwZGxpQkJpOHFpWm5XRXFOX2xsVGZoVGxtcVF6Rlpmellnei1rRTZYZXBCYjQ4Uy1fTV84NUYzUkxWQVJWdXMxdU1JRzRfRU5WRG90QzNZcnA2eVBkTFhuWTlmYzBXcU9Nd0I5eHlXdTJwRE04RDZqQzlBSHVfcGNfazl2U1VSaURCbmlITGtRRlJsNHZ4WHNBa3hKRWo3ZThla1Qza3dRYkFDNg?hl=en-US&gl=US&ceid=US%3Aen,2021-09-22T07:00:00Z,Webflow
No Title,https://news.google.com/read/CBMidEFVX3lxTE4yd0xUVVl1bFZGdWY5ejg5MEJwTXI4eElUWHBhdDhhVVgxd3AtRFkycWpPSzZ4WTBhUFhsei1FdGhxa3ppbkdrUS1xUVlhWF9VVFBEcXA4dkRwTE9IZDIwTlpKTzRRdUZOMGR2Rkg2a2tLaWtM?hl=en-US&gl=US&ceid=US%3Aen,2022-12-08T08:00:00Z,Webflow
No Title,https://news.google.com/read/CBMiugFBVV95cUxOOUg1YWpqYmhJaW82eGhDbHlzQzRlQ01RcVljQ2ZRTVczeTZtejVuZmhRUklSbGZkeTdTcElsdWllN2VMMWFNbHJZek1pTDJvckdxbkhBX3BtOS1qQnZDdWY1MEdrSnVMVjVPN2xLWmxlM0Ffckx2dDh6UmwyLWFpNG8xZW5EMXVmU3BBbFdtMmotc3U4dlFYU0tJRWVBZDZxbDRkR3c2WENoLWF6eFg4d3huVjZaYzMzdEE?hl=en-US&gl=US&ceid=US%3Aen,2014-03-11T07:00:00Z,Webflow
No Title,https://news.google.com/read/CBMivgFBVV95cUxNNU5vbVRNcHpmLXdTZmRuSUFYRFpvbHBEYUFLbUN3YXduSlpSa05oNm1JVG4tcVR3UXBlTkZzV2pRc1BiODNfd0tobldpQko2dHRPaVd2TlV2OXZRWnhJSnpjR3c5Q25UbUpTZGxUcjVxaExYNHNZYVlwVUlTWnhMeHJkLW1ja0ttckM0ZzNtbmdtRlB0WjlSdkN3Nm1qYzVGejhhR3JlaF9WVWFndVRKUFRsOU0wUV9ZajNJVU9n?hl=en-US&gl=US&ceid=US%3Aen,2013-08-05T07:00:00Z,Webflow
